runtime	starttime
1.9741780757904053	1356318173.567003
1.9784190654754639	1356318173.581362
2.0316009521484375	1356318173.571852
2.0440518856048584	1356318173.5762081
2.0355019569396973	1356318173.5970631
15.487616062164307	1356318173.7053559
18.199671983718872	1356318173.6214039
18.202782869338989	1356318173.6296251
18.232674837112427	1356318173.6171761
18.212807178497314	1356318173.6553619
18.290805101394653	1356318173.5919089
18.208571910858154	1356318173.696763
18.267146110534668	1356318173.6506879
18.221749067306519	1356318173.7147729
18.311604976654053	1356318173.642396
18.299933910369873	1356318173.669214
18.300371170043945	1356318173.6832039
18.354579925537109	1356318173.6466801
18.340337991714478	1356318173.67853
18.309000968933105	1356318173.7276101
18.305037975311279	1356318173.7493911
18.284630060195923	1356318173.781055
18.850728034973145	1356318173.6644881
18.912683010101318	1356318173.6877551
18.878210067749023	1356318173.73982
18.873213052749634	1356318173.7633059
18.909357070922852	1356318173.7446959
18.861758947372437	1356318173.8027101
19.175947904586792	1356318173.73175
19.172160863876343	1356318173.7540071
19.744706869125366	1356318173.633599
20.08550500869751	1356318173.602211
20.162076950073242	1356318173.807426
20.095208168029785	1356318173.9009709
20.157811880111694	1356318173.8542941
20.440225124359131	1356318173.5865459
20.417253017425537	1356318173.6260951
20.386115074157715	1356318173.6738989
20.456712961196899	1356318173.691828
20.628920078277588	1356318173.710114
20.747058868408203	1356318173.6066861
20.711236953735352	1356318173.65993
20.597366094589233	1356318173.7892129
20.589065074920654	1356318173.81234
21.299798011779785	1356318173.63814
21.183241128921509	1356318173.7721369
21.178864002227783	1356318173.793772
21.224951982498169	1356318173.758749
21.203069925308228	1356318173.798532
21.232168912887573	1356318173.7852321
21.210628986358643	1356318173.8303871
21.212707042694092	1356318173.8442509
21.22379994392395	1356318173.849684
21.264954090118408	1356318173.8257999
21.244158029556274	1356318173.8636971
21.244897127151489	1356318173.8778689
21.262537956237793	1356318173.872998
21.881771087646484	1356318173.91063
21.890473127365112	1356318173.9153979
21.900751113891602	1356318173.920259
21.911595821380615	1356318173.9243741
22.025007963180542	1356318173.93277
22.01421594619751	1356318173.959681
22.023597002029419	1356318173.9636309
22.054235935211182	1356318173.945996
22.416599988937378	1356318173.9907041
22.409719944000244	1356318174.015214
22.511790037155151	1356318173.9286549
22.438361167907715	1356318174.0195799
22.486371994018555	1356318173.9816811
23.129864931106567	1356318173.72419
23.159730195999146	1356318173.9555359
23.249706029891968	1356318173.882585
23.251837968826294	1356318173.896178
23.277626991271973	1356318173.886663
23.461408138275146	1356318173.9949689
24.227256059646606	1356318173.735836
25.554685831069946	1356318173.6118431
25.827430009841919	1356318173.999691
26.144742012023926	1356318173.701365
25.925104856491089	1356318173.97264
26.447873115539551	1356318173.950737
26.95445704460144	1356318173.7674379
27.374790906906128	1356318173.8394451
27.33575701713562	1356318173.8914919
27.385983943939209	1356318173.8589151
27.484991073608398	1356318173.977325
27.723896026611328	1356318173.8352239
27.624206066131592	1356318173.9685819
27.726498126983643	1356318173.9858689
27.785892009735107	1356318173.9411891
27.964998006820679	1356318173.7763131
27.874425888061523	1356318173.905874
28.769062042236328	1356318173.868526
30.108515024185181	1356318173.821157
30.665410995483398	1356318174.0043371
30.770039081573486	1356318173.9369509
32.553385019302368	1356318173.7194951
33.888338088989258	1356318174.010402
36.132390975952148	1356318173.816433
1.9683101177215576	1356318211.96541
2.0109000205993652	1356318211.948813
1.9811508655548096	1356318211.9952061
2.0423078536987305	1356318211.952069
1.9844660758972168	1356318212.023325
2.0510208606719971	1356318211.975342
2.089087963104248	1356318211.9621191
2.1154639720916748	1356318211.9588339
2.1200580596923828	1356318211.972105
2.1149539947509766	1356318212.0001869
2.1174979209899902	1356318212.0132711
2.0842931270599365	1356318212.083504
2.2162489891052246	1356318211.9785609
2.4454190731048584	1356318211.939122
2.3519718647003174	1356318212.0567501
2.4070420265197754	1356318212.020098
2.4091188907623291	1356318212.0367341
2.3607418537139893	1356318212.103718
2.4044339656829834	1356318212.08003
2.5154550075531006	1356318211.9886451
2.4632198810577393	1356318212.0633531
2.5594580173492432	1356318211.985415
2.6051139831542969	1356318211.9555581
2.4699060916900635	1356318212.106971
2.6069369316101074	1356318211.991966
2.6978139877319336	1356318211.9159131
2.5803999900817871	1356318212.050077
2.5709381103515625	1356318212.0735199
2.5633399486541748	1356318212.1237521
2.5599291324615479	1356318212.1409409
2.5961132049560547	1356318212.1204009
2.8100788593292236	1356318212.0400021
2.7792940139770508	1356318212.1003411
2.8344278335571289	1356318212.0666001
2.8848869800567627	1356318212.030009
3.2003281116485596	1356318212.003402
3.1241829395294189	1356318212.097012
3.3029000759124756	1356318211.935462
3.2853600978851318	1356318211.9688749
3.141974925994873	1356318212.1374481
3.206118106842041	1356318212.1441889
3.1164219379425049	1356318212.2495971
3.2305898666381836	1356318212.1545801
3.3268980979919434	1356318212.0768099
3.3137538433074951	1356318212.1103101
3.2925689220428467	1356318212.1580291
3.2001419067382812	1356318212.270081
3.4690539836883545	1356318212.0265501
3.470350980758667	1356318212.043463
3.5176610946655273	1356318212.0869739
3.7571887969970703	1356318211.9818101
3.9448120594024658	1356318212.1340439
8.4878439903259277	1356318212.1274259
8.4565439224243164	1356318212.1732781
8.5009570121765137	1356318212.1475151
8.5929691791534424	1356318212.0700829
8.6380081176757812	1356318212.26682
8.9886219501495361	1356318211.9257431
8.9301600456237793	1356318212.1307919
9.0203850269317627	1356318212.053309
9.3284680843353271	1356318212.2802889
9.6644740104675293	1356318212.294076
9.6743218898773193	1356318212.29743
10.043274879455566	1356318211.94559
10.211112976074219	1356318212.151099
10.61600399017334	1356318211.9192979
10.76406192779541	1356318211.942348
10.999851942062378	1356318212.321507
11.018061876296997	1356318212.3180561
11.249646902084351	1356318212.2873471
11.468523025512695	1356318212.27689
11.719290971755981	1356318212.263453
11.878811120986938	1356318212.2460899
12.008407115936279	1356318212.1612959
12.068212985992432	1356318212.1170449
12.288403987884521	1356318211.9224989
12.183771848678589	1356318212.0468471
12.211843013763428	1356318212.0332401
12.254438877105713	1356318212.0066421
11.978385925292969	1356318212.307596
11.997117042541504	1356318212.3040071
12.018136978149414	1356318212.300765
12.260055065155029	1356318212.090188
12.081165075302124	1356318212.283757
12.421126127243042	1356318212.2733099
13.216078042984009	1356318212.01688
13.202408075332642	1356318212.311008
13.478634119033813	1356318212.060112
14.004565954208374	1356318211.9289711
14.423818111419678	1356318212.256655
15.450628042221069	1356318212.253047
15.910948991775513	1356318212.1137979
16.153186798095703	1356318212.1666441
16.597803115844727	1356318212.0099759
16.506323099136353	1356318212.1699679
17.190678834915161	1356318212.093399
16.996820211410522	1356318212.3145969
19.106061935424805	1356318212.260124
20.330137968063354	1356318211.93221
19.99701714515686	1356318212.290803
1.2550499439239502	1356318234.508373
1.4229459762573242	1356318234.514966
1.5435018539428711	1356318234.5548611
1.5995240211486816	1356318234.5213981
1.5884430408477783	1356318234.551636
1.5922150611877441	1356318234.56901
1.5680868625640869	1356318234.6058941
1.6647810935974121	1356318234.53827
1.5894708633422852	1356318234.625931
1.6056489944458008	1356318234.636168
1.6372990608215332	1356318234.639791
1.6829168796539307	1356318234.616055
1.7942240238189697	1356318234.5318079
1.8307540416717529	1356318234.5891199
1.798335075378418	1356318234.646313
1.8889830112457275	1356318234.579
2.1111009120941162	1356318234.6192801
2.2012970447540283	1356318234.649524
2.1660130023956299	1356318234.7044809
2.2860338687896729	1356318234.602581
2.3122749328613281	1356318234.595778
2.3993480205535889	1356318234.527961
2.3478610515594482	1356318234.5990069
2.43766188621521	1356318234.524719
2.4666650295257568	1356318234.511729
2.264625072479248	1356318234.728816
2.3171181678771973	1356318234.6945419
2.3638172149658203	1356318234.6635399
2.3841757774353027	1356318234.6600871
2.5152318477630615	1356318234.5414951
2.5407450199127197	1356318234.5350249
2.5175290107727051	1356318234.5756149
2.4206478595733643	1356318234.691133
2.6124730110168457	1356318234.5181789
2.3407199382781982	1356318234.8105581
2.377155065536499	1356318234.789813
2.630511999130249	1356318234.5581951
2.6756360530853271	1356318234.751756
3.0181488990783691	1356318234.807008
3.2955658435821533	1356318234.5479591
3.0247809886932373	1356318234.841866
3.0722029209136963	1356318234.814054
3.0553240776062012	1356318234.8489549
3.3534770011901855	1356318234.5722401
3.2652709484100342	1356318234.6767139
3.3879201412200928	1356318234.6568019
3.2912440299987793	1356318234.7658319
3.2536051273345947	1356318234.821157
3.3814148902893066	1356318234.715512
3.3332068920135498	1356318234.7759931
3.4933841228485107	1356318234.6296329
3.7036490440368652	1356318234.582643
3.6777889728546143	1356318234.622689
3.5123848915100098	1356318234.8034921
3.5592231750488281	1356318234.7727709
3.6749429702758789	1356318234.6735129
3.6385350227355957	1356318234.738189
4.0292868614196777	1356318234.670289
4.007051944732666	1356318234.8280771
4.0259339809417725	1356318234.824636
4.1162800788879395	1356318234.7934539
4.1469871997833252	1356318234.7792139
4.1610591411590576	1356318234.7862899
4.2034800052642822	1356318234.758734
4.390326976776123	1356318234.845273
4.6485521793365479	1356318234.7188139
4.6494729518890381	1356318234.7324741
4.6885249614715576	1356318234.7084219
4.7309629917144775	1356318234.680639
4.685521125793457	1356318234.7418189
4.6036851406097412	1356318234.834703
4.7410550117492676	1356318234.7118981
4.7714400291442871	1356318234.7010109
4.8093929290771484	1356318234.6842861
4.8377940654754639	1356318234.6670539
4.8767731189727783	1356318234.6430709
4.8530149459838867	1356318234.6977921
4.7315030097961426	1356318234.838325
4.8290798664093018	1356318234.755295
5.1472721099853516	1356318234.78282
6.3415899276733398	1356318234.6875961
6.7054471969604492	1356318234.6095259
7.270164966583252	1356318234.5923581
7.5760390758514404	1356318234.58586
7.6921160221099854	1356318234.725462
11.84302806854248	1356318234.544723
11.571056842803955	1356318234.8313701
11.62226390838623	1356318234.797008
11.697224140167236	1356318234.7692609
11.718336820602417	1356318234.7623961
11.899775981903076	1356318234.612828
11.714656114578247	1356318234.8176949
13.306550025939941	1356318234.748522
13.953139066696167	1356318234.7451229
14.916788816452026	1356318234.5657761
15.825914144515991	1356318234.6329319
16.276053905487061	1356318234.6531351
18.338076829910278	1356318234.5614181
23.689847230911255	1356318234.8002639
28.378852128982544	1356318234.7222359
3.2056698799133301	1356318263.3520241
3.8175051212310791	1356318263.1149709
3.9472739696502686	1356318263.1409881
3.9523859024047852	1356318263.148973
3.9919259548187256	1356318263.1274221
4.0000648498535156	1356318263.1385701
3.9798958301544189	1356318263.1701131
4.0515341758728027	1356318263.1200759
4.0441598892211914	1356318263.146522
4.3483870029449463	1356318263.133136
4.4027869701385498	1356318263.238786
4.5211668014526367	1356318263.2146871
4.607874870300293	1356318263.183073
5.8018851280212402	1356318263.259275
5.9784629344940186	1356318263.154027
6.3931949138641357	1356318263.24578
6.5062308311462402	1356318263.1644831
6.6810259819030762	1356318263.2227111
6.6594209671020508	1356318263.25685
6.7400610446929932	1356318263.191128
6.7758080959320068	1356318263.17505
6.7413780689239502	1356318263.225157
6.747298002243042	1356318263.2357171
7.0706019401550293	1356318263.248703
7.1283869743347168	1356318263.207155
7.1452341079711914	1356318263.209569
7.1669299602508545	1356318263.2041249
7.2143540382385254	1356318263.178005
7.280034065246582	1356318263.1225109
7.2911021709442139	1356318263.1936259
7.2370700836181641	1356318263.2722759
7.2597799301147461	1356318263.2617021
7.3173320293426514	1356318263.220072
7.2998239994049072	1356318263.2536521
7.3663430213928223	1356318263.201704
7.3349771499633789	1356318263.2934699
7.4022068977355957	1356318263.2412231
7.5238978862762451	1356318263.1434181
7.4043819904327393	1356318263.282927
7.5014472007751465	1356318263.3040929
7.5322990417480469	1356318263.2909689
7.6253440380096436	1356318263.296608
7.77577805519104	1356318263.1620469
7.6443250179290771	1356318263.307121
7.6377739906311035	1356318263.3283911
7.6742689609527588	1356318263.312156
7.7117180824279785	1356318263.2883489
7.7059259414672852	1356318263.309716
7.9785919189453125	1356318263.354532
8.0119249820709229	1356318263.3389931
8.2611010074615479	1356318263.1676829
8.1737229824066162	1356318263.2698531
8.0963599681854248	1356318263.364279
8.1960010528564453	1356318263.3365369
8.2951550483703613	1356318263.251138
8.1885499954223633	1356318263.3723221
8.3786168098449707	1356318263.1966181
8.261685848236084	1356318263.3308311
8.4823839664459229	1356318263.124929
8.26015305519104	1356318263.361861
8.5038509368896484	1356318263.135546
8.2790429592132568	1356318263.377979
8.307542085647583	1356318263.367487
8.3417730331420898	1356318263.3470349
8.3808488845825195	1356318263.322726
8.3778841495513916	1356318263.3415639
8.4091629981994629	1356318263.3252971
8.5499968528747559	1356318263.1990781
8.483090877532959	1356318263.285336
8.550468921661377	1356318263.2333031
8.5423719882965088	1356318263.2672181
8.5468440055847168	1356318263.2805049
8.5703709125518799	1356318263.2747591
8.6681070327758789	1356318263.188477
8.7023379802703857	1356318263.1725471
8.5096230506896973	1356318263.3804009
8.5352318286895752	1356318263.3699081
8.5450699329376221	1356318263.3749781
8.737260103225708	1356318263.3495989
8.7688021659851074	1356318263.3334789
8.7740950584411621	1356318263.3439889
8.9074838161468506	1356318263.2281511
9.013232946395874	1356318263.159622
8.8751330375671387	1356318263.314647
9.1937041282653809	1356318263.151516
9.689824104309082	1356318263.157202
10.511712074279785	1356318263.2992189
11.536510944366455	1356318263.185483
12.273852109909058	1356318263.230572
12.665282011032104	1356318263.1176629
13.060915946960449	1356318263.277854
12.987597942352295	1356318263.359442
13.729509830474854	1356318263.2641251
15.39348292350769	1356318263.1306241
16.79652214050293	1356318263.3016419
16.789630174636841	1356318263.3178699
18.280076026916504	1356318263.2176399
24.719758987426758	1356318263.3202851
29.025847196578979	1356318263.1806469
50.580770015716553	1356318263.2122109
2.1626098155975342	1356318313.8120351
2.2367961406707764	1356318313.88849
2.3793709278106689	1356318313.893631
2.5427730083465576	1356318313.814465
2.6271350383758545	1356318313.8096099
2.6327459812164307	1356318313.8226521
2.6419849395751953	1356318313.8306301
2.7352490425109863	1356318313.8490679
2.8561558723449707	1356318313.8514881
2.8074359893798828	1356318313.9120419
3.0318830013275146	1356318313.8459201
2.9913299083709717	1356318313.9014881
3.0322220325469971	1356318313.8748779
3.1132991313934326	1356318313.8068819
3.3837380409240723	1356318313.8803959
3.4278960227966309	1356318313.8434989
3.4023909568786621	1356318313.8854561
3.3593440055847168	1356318313.9429801
3.4919359683990479	1356318313.828186
3.386260986328125	1356318313.951113
3.5313949584960938	1356318313.825161
3.433906078338623	1356318313.9378979
3.5097901821136475	1356318313.8778679
3.5300099849700928	1356318313.8698139
3.5361218452453613	1356318313.8830321
3.49782395362854	1356318313.9454041
3.5955550670623779	1356318313.866854
3.6955399513244629	1356318313.835511
3.7125799655914307	1356318313.838635
3.7622148990631104	1356318313.8330641
3.7822020053863525	1356318313.841063
3.7236599922180176	1356318313.98015
3.8122351169586182	1356318313.9065759
3.9662489891052246	1356318313.925071
4.2193260192871094	1356318313.819418
4.4859020709991455	1356318313.872462
4.8132538795471191	1356318313.964102
4.8935079574584961	1356318313.914705
4.9675459861755371	1356318313.856355
4.8893110752105713	1356318313.9535379
5.2113299369812012	1356318313.890909
6.0034639835357666	1356318313.9777
6.0197310447692871	1356318313.9882879
6.0662498474121094	1356318313.9559541
6.1141049861907959	1356318313.9226379
6.1091458797454834	1356318313.948457
6.0821409225463867	1356318313.99331
6.6343600749969482	1356318313.8644359
6.4972419738769531	1356318314.0280399
6.6442000865936279	1356318313.899071
6.7038540840148926	1356318313.8539259
6.6329500675201416	1356318313.9405479
6.6766848564147949	1356318313.9177411
6.6274721622467041	1356318313.9827659
6.6409270763397217	1356318313.9852149
6.5730578899383545	1356318314.0662351
6.636584997177124	1356318314.071893
6.8353960514068604	1356318314.0143099
6.8065469264984131	1356318314.0587981
6.8556728363037109	1356318314.0224171
6.9398880004882812	1356318314.0483279
6.996826171875	1356318314.0062039
7.0167229175567627	1356318314.0013571
6.9987201690673828	1356318314.0330219
7.070824146270752	1356318313.9721799
7.0635538101196289	1356318313.9908731
7.0982120037078857	1356318313.9695461
7.1868109703063965	1356318313.89608
7.2355999946594238	1356318313.8620081
7.2536258697509766	1356318313.8593431
7.2236809730529785	1356318313.9041531
7.2327330112457275	1356318313.909579
7.5191679000854492	1356318313.9616661
7.9396741390228271	1356318313.8168869
8.0504839420318604	1356318314.0355501
8.1276330947875977	1356318314.0427859
8.256784200668335	1356318313.9300399
8.2046909332275391	1356318313.998739
8.2040119171142578	1356318314.016871
8.2080888748168945	1356318314.024965
8.2119820117950439	1356318314.053324
8.2198958396911621	1356318314.0638111
8.2962169647216797	1356318314.003773
8.2699611186981201	1356318314.0452449
8.3947761058807373	1356318313.934896
8.3819589614868164	1356318313.9590399
8.2862889766693115	1356318314.0694661
8.3701150417327881	1356318314.0118799
8.9298410415649414	1356318314.0507629
8.9657130241394043	1356318314.0304611
9.0457248687744141	1356318314.0094631
9.0963921546936035	1356318313.974613
9.0244228839874268	1356318314.061367
9.0468728542327881	1356318314.0557621
9.3517811298370361	1356318313.9201789
9.5327291488647461	1356318313.9665329
10.676570177078247	1356318313.9324739
10.62999701499939	1356318313.9957299
11.778751134872437	1356318314.038636
12.322418928146362	1356318314.019985
1.7763330936431885	1356318327.601913
2.5430769920349121	1356318327.5688369
2.5639998912811279	1356318327.5623701
2.5804018974304199	1356318327.572057
2.5792989730834961	1356318327.5953381
2.6060068607330322	1356318327.5854051
2.6248898506164551	1356318327.5918641
2.6263291835784912	1356318327.6086049
2.638031005859375	1356318327.6182849
2.6667611598968506	1356318327.6382599
2.7604129314422607	1356318327.64799
2.8138549327850342	1356318327.615062
3.1239719390869141	1356318327.5789599
3.0979471206665039	1356318327.6215129
3.1355049610137939	1356318327.6283591
3.2055239677429199	1356318327.57534
3.0491478443145752	1356318327.743041
3.173043966293335	1356318327.6348209
3.0872941017150879	1356318327.7365799
3.1201510429382324	1356318327.7196259
3.1281630992889404	1356318327.726099
3.2039649486541748	1356318327.6680131
3.1632399559020996	1356318327.756799
3.3805830478668213	1356318327.5558519
3.3121879100799561	1356318327.6414931
3.3744549751281738	1356318327.6315989
3.4683258533477783	1356318327.5656121
3.442512035369873	1356318327.73984
3.6000981330871582	1356318327.5985839
3.5703611373901367	1356318327.644769
3.6255559921264648	1356318327.6051409
3.4714179039001465	1356318327.7803011
3.5005519390106201	1356318327.7667861
4.3962118625640869	1356318327.7097831
4.5057511329650879	1356318327.6251359
4.4814980030059814	1356318327.6647999
4.3609259128570557	1356318327.8077631
4.6036760807037354	1356318327.6961989
4.5464339256286621	1356318327.824491
4.6629228591918945	1356318327.7297411
4.5551390647888184	1356318327.8569191
4.6417229175567627	1356318327.7873721
4.735543966293335	1356318327.706562
4.7556447982788086	1356318327.7029171
4.6129419803619385	1356318327.860409
4.6980469226837158	1356318327.7905841
5.0146758556365967	1356318327.8366261
5.0920138359069824	1356318327.7767191
5.0768768787384033	1356318327.811326
5.1896650791168213	1356318327.7162089
5.2668159008026123	1356318327.661371
5.3139009475708008	1356318327.67822
5.2337830066680908	1356318327.770009
5.246845006942749	1356318327.7734251
5.383864164352417	1356318327.6516459
5.3653361797332764	1356318327.6847129
5.3897089958190918	1356318327.6744649
5.2807550430297852	1356318327.797199
5.339867115020752	1356318327.7532239
5.254601001739502	1356318327.849926
5.272475004196167	1356318327.8466849
5.3748531341552734	1356318327.760361
5.7560529708862305	1356318327.6994209
5.5871448516845703	1356318327.8840971
5.8934669494628906	1356318327.588635
5.9313609600067139	1356318327.863893
5.9261610507965088	1356318327.891217
6.2006649971008301	1356318327.7840891
6.248136043548584	1356318327.7496879
6.1240460872650146	1356318327.8877349
6.1521661281585693	1356318327.8737509
6.278770923614502	1356318327.763576
7.0701220035552979	1356318327.74646
7.2596011161804199	1356318327.6581349
7.2259728908538818	1356318327.8037951
7.3710589408874512	1356318327.681479
7.5009269714355469	1356318327.880542
8.1805500984191895	1356318327.5821819
8.1126089096069336	1356318327.692961
7.9540541172027588	1356318327.8673079
7.9958229064941406	1356318327.840019
8.0325169563293457	1356318327.8179121
8.0223209857940674	1356318327.843236
8.0874230861663818	1356318327.793982
8.2283890247344971	1356318327.722872
8.1350300312042236	1356318327.8313041
8.2479169368743896	1356318327.733357
8.4363188743591309	1356318327.559159
8.6022698879241943	1356318327.687937
8.7354741096496582	1356318327.8146839
9.6586380004882812	1356318327.8004129
10.303847074508667	1356318327.82113
10.483957052230835	1356318327.654906
11.355675935745239	1356318327.713002
12.030472993850708	1356318327.8277299
12.910591840744019	1356318327.8531511
13.167005062103271	1356318327.611836
12.924872875213623	1356318327.8705411
13.815864086151123	1356318327.877105
162.83507299423218	1356318327.6712339
1.6589920520782471	1356318490.54879
1.7026419639587402	1356318490.521229
1.7705719470977783	1356318490.5801301
1.9358479976654053	1356318490.561424
1.952085018157959	1356318490.564081
1.9806690216064453	1356318490.554028
1.984407901763916	1356318490.64782
1.9949970245361328	1356318490.656213
2.2019197940826416	1356318490.5777161
2.2327029705047607	1356318490.5589731
2.2444019317626953	1356318490.575202
2.2336928844451904	1356318490.6005571
2.2583110332489014	1356318490.606024
2.2700519561767578	1356318490.661751
2.4502179622650146	1356318490.5311501
2.4495790004730225	1356318490.5462661
2.4033761024475098	1356318490.6089549
2.6063618659973145	1356318490.5262051
2.6554231643676758	1356318490.6394379
2.6266729831695557	1356318490.6809349
2.6481630802154541	1356318490.678206
2.6634509563446045	1356318490.672528
2.6911640167236328	1356318490.659024
3.0386791229248047	1356318490.590174
3.2823078632354736	1356318490.5360301
5.2931361198425293	1356318490.7134039
5.3514280319213867	1356318490.7522321
5.3750019073486328	1356318490.7439041
5.447422981262207	1356318490.6836729
5.5421030521392822	1356318490.6032939
5.7994349002838135	1356318490.528722
5.7463779449462891	1356318490.597826
5.577599048614502	1356318490.7855771
5.619581937789917	1356318490.757848
5.774528980255127	1356318490.6171551
5.6524989604949951	1356318490.7551169
5.6556589603424072	1356318490.766191
5.6865949630737305	1356318490.749506
5.8824970722198486	1356318490.6947899
5.8534290790557861	1356318490.7411849
5.8659238815307617	1356318490.7467721
6.0169310569763184	1356318490.6116979
5.9512670040130615	1356318490.692065
5.9367311000823975	1356318490.721746
5.9978439807891846	1356318490.6752679
6.0643539428710938	1356318490.622829
6.1193220615386963	1356318490.58498
6.0850160121917725	1356318490.633961
6.1019549369812012	1356318490.6312301
6.175922155380249	1356318490.5714769
6.1683380603790283	1356318490.5950389
6.2088649272918701	1356318490.569037
6.2689001560211182	1356318490.5237789
6.2480981349945068	1356318490.6450779
6.3790719509124756	1356318490.5335901
6.6096940040588379	1356318490.556463
6.6924548149108887	1356318490.7605741
6.841472864151001	1356318490.620105
6.8333950042724609	1356318490.6366949
6.7613141536712646	1356318490.7161169
6.86580491065979	1356318490.780108
6.8836309909820557	1356318490.777251
6.8898038864135742	1356318490.7884331
7.0221428871154785	1356318490.6674321
7.133903980255127	1356318490.566515
7.2456099987030029	1356318490.6893311
7.4442331790924072	1356318490.7106669
7.7289979457855225	1356318490.5877481
7.7057299613952637	1356318490.628273
7.620441198348999	1356318490.7244749
7.6546621322631836	1356318490.705905
7.7612099647521973	1356318490.614429
7.7224259376525879	1356318490.6700439
7.6385118961334229	1356318490.7828341
7.8840048313140869	1356318490.5515931
7.7645199298858643	1356318490.686399
8.1496179103851318	1356318490.6644781
8.2461929321289062	1356318490.5825591
8.2078738212585449	1356318490.6534591
8.3363950252532959	1356318490.5438399
8.7217271327972412	1356318490.7031839
9.8758630752563477	1356318490.642369
9.9319758415222168	1356318490.7300861
10.056141138076782	1356318490.7689209
10.23819899559021	1356318490.763454
10.47599983215332	1356318490.5389571
11.327974081039429	1356318490.738446
12.442299127578735	1356318490.7911489
13.13978099822998	1356318490.6975241
13.080930948257446	1356318490.7717941
13.150671005249023	1356318490.732831
13.164500951766968	1356318490.735563
13.189589977264404	1356318490.7271969
13.216111898422241	1356318490.7188301
13.431988000869751	1356318490.541404
14.632361173629761	1356318490.6505449
17.161141872406006	1356318490.6255541
18.407660007476807	1356318490.592598
18.240675926208496	1356318490.774523
32.480592012405396	1356318490.7004459
1.7669289112091064	1356318523.2053721
1.8511009216308594	1356318523.225013
2.115649938583374	1356318523.235569
2.073861837387085	1356318523.2971931
2.2194991111755371	1356318523.245338
2.2294461727142334	1356318523.2565689
2.3642950057983398	1356318523.2668209
2.3561370372772217	1356318523.293942
2.4032838344573975	1356318523.2633171
2.3291068077087402	1356318523.3582461
2.335374116897583	1356318523.372016
2.4103338718414307	1356318523.321166
2.4099462032318115	1356318523.3384769
2.4472160339355469	1356318523.3177021
2.4411489963531494	1356318523.3517301
2.5572209358215332	1356318523.2530661
2.6043391227722168	1356318523.3687699
2.835590124130249	1356318523.3111689
3.004971981048584	1356318523.307425
2.9774289131164551	1356318523.34501
2.8818490505218506	1356318523.4574449
3.1187200546264648	1356318523.238807
2.9678671360015869	1356318523.409498
3.0639369487762451	1356318523.324517
3.1626710891723633	1356318523.2839479
2.9639589786529541	1356318523.4990549
3.199193000793457	1356318523.280247
3.1754419803619385	1356318523.314466
3.2329528331756592	1356318523.2734261
4.4056010246276855	1356318523.232342
4.3347020149230957	1356318523.4749811
4.3662140369415283	1356318523.485316
4.6519560813903809	1356318523.218518
4.5010280609130859	1356318523.4025979
4.4555268287658691	1356318523.4679711
4.449444055557251	1356318523.488688
4.5615029335021973	1356318523.392602
4.7138149738311768	1356318523.290473
4.4911370277404785	1356318523.5406561
4.5009939670562744	1356318523.5441461
4.612091064453125	1356318523.450691
4.6318390369415283	1356318523.4471409
4.6349010467529297	1356318523.4609439
4.7300419807434082	1356318523.382118
4.918773889541626	1356318523.208791
4.8672590255737305	1356318523.2766919
4.7806057929992676	1356318523.3788731
4.6924960613250732	1356318523.481972
4.7109661102294922	1356318523.5302179
5.0355019569396973	1356318523.2217791
4.8091959953308105	1356318523.464546
4.9635579586029053	1356318523.3348529
5.0292730331420898	1356318523.2872391
4.8692331314086914	1356318523.5093429
5.1844589710235596	1356318523.2152801
5.1739809513092041	1356318523.2420781
4.9804770946502686	1356318523.5335929
5.3012452125549316	1356318523.2288449
5.1991479396820068	1356318523.348279
5.785161018371582	1356318523.443706
5.9660301208496094	1356318523.3310139
5.774824857711792	1356318523.5371621
6.0278139114379883	1356318523.3004301
5.8654758930206299	1356318523.478328
5.8411130905151367	1356318523.5197949
6.1068007946014404	1356318523.2701721
5.9257290363311768	1356318523.495702
6.046576976776123	1356318523.388906
6.7785720825195312	1356318523.3550019
6.8995261192321777	1356318523.2498109
6.7209410667419434	1356318523.502461
7.1197390556335449	1356318523.426739
7.6398420333862305	1356318523.5231841
8.1060760021209717	1356318523.406126
9.4535579681396484	1356318523.492193
10.145544052124023	1356318523.3855391
10.348518848419189	1356318523.4334321
10.726850986480713	1356318523.365437
10.822043895721436	1356318523.4162691
11.257009029388428	1356318523.259958
11.393078088760376	1356318523.4300029
11.325515031814575	1356318523.5059121
11.323525905609131	1356318523.5163341
11.394080877304077	1356318523.454123
11.329895973205566	1356318523.5267429
11.46953296661377	1356318523.3958571
11.436656951904297	1356318523.4371171
11.578588008880615	1356318523.3036849
11.529186010360718	1356318523.3616469
11.458835124969482	1356318523.4404609
11.487709999084473	1356318523.423342
12.679687023162842	1356318523.3754151
13.524995088577271	1356318523.5129969
13.7099609375	1356318523.341737
13.734592914581299	1356318523.3277581
14.615591049194336	1356318523.471446
15.489469051361084	1356318523.3990929
18.11485481262207	1356318523.5476301
18.884039163589478	1356318523.2120509
205.35050916671753	1356318523.4128339
3.3052761554718018	1356318729.9486539
3.5636610984802246	1356318730.0267639
3.7086250782012939	1356318729.925761
3.7084088325500488	1356318729.9510851
3.7273120880126953	1356318729.946213
3.7652571201324463	1356318729.9408369
3.7911632061004639	1356318729.9567609
3.8372960090637207	1356318729.930759
3.892301082611084	1356318730.0055189
3.9442517757415771	1356318729.9774401
3.9210519790649414	1356318730.016156
4.0991668701171875	1356318729.9931531
4.0615668296813965	1356318730.0498481
4.1067860126495361	1356318730.021018
4.1422429084777832	1356318730.018594
4.145751953125	1356318730.029207
4.0642168521881104	1356318730.12468
4.1558980941772461	1356318730.052964
4.2562689781188965	1356318729.975009
4.5576169490814209	1356318729.990711
4.5739200115203857	1356318730.002882
4.5423140525817871	1356318730.0553939
4.4868459701538086	1356318730.129477
4.5723459720611572	1356318730.062505
4.6373889446258545	1356318730.011107
4.6461150646209717	1356318730.023447
4.7456028461456299	1356318729.9438031
4.7365269660949707	1356318729.9643691
4.5760650634765625	1356318730.145344
4.577268123626709	1356318730.1607759
4.5727229118347168	1356318730.18186
4.8158271312713623	1356318729.9543259
4.7873771190643311	1356318729.9986579
4.6667549610137939	1356318730.1354129
4.7858240604400635	1356318730.031631
4.8549230098724365	1356318729.9880769
4.9279658794403076	1356318729.9283431
4.7026741504669189	1356318730.1690099
4.6982769966125488	1356318730.1950331
4.7196459770202637	1356318730.1900711
4.790632963180542	1356318730.137814
4.7191829681396484	1356318730.224952
4.7521979808807373	1356318730.210458
4.8204581737518311	1356318730.1582339
4.9873440265655518	1356318730.0079501
4.8770980834960938	1356318730.1558239
5.1406350135803223	1356318729.9383831
5.8696579933166504	1356318730.04234
6.1906049251556396	1356318730.173816
6.2098329067230225	1356318730.1714051
6.1922569274902344	1356318730.2329781
6.2769110202789307	1356318730.1868069
6.2709770202636719	1356318730.2142999
6.4389410018920898	1356318730.064949
6.4753329753875732	1356318730.0448079
6.5025770664215088	1356318730.0474269
6.3870429992675781	1356318730.1794479
6.3892848491668701	1356318730.1926291
6.6139309406280518	1356318729.9832129
6.642024040222168	1356318729.970145
6.6631040573120117	1356318729.9725649
6.6569900512695312	1356318729.9962389
6.6367490291595459	1356318730.034066
6.5120580196380615	1356318730.1770511
6.7368948459625244	1356318729.9674721
6.5890309810638428	1356318730.1270821
6.6707959175109863	1356318730.060071
6.5967049598693848	1356318730.150852
6.6113169193267822	1356318730.153409
6.7422289848327637	1356318730.0399051
6.8259060382843018	1356318730.140372
6.8522441387176514	1356318730.132062
7.0664269924163818	1356318730.199986
7.0840461254119873	1356318730.1974199
7.0913729667663574	1356318730.205636
7.0932989120483398	1356318730.2199931
7.186898946762085	1356318730.1428051
7.1100080013275146	1356318730.2379401
7.1473028659820557	1356318730.2167201
7.1962809562683105	1356318730.184411
7.1885349750518799	1356318730.208055
7.3446850776672363	1356318730.067358
7.3934700489044189	1356318730.0367091
7.345599889755249	1356318730.202383
7.3429348468780518	1356318730.2225361
7.3447220325469971	1356318730.235395
7.5819969177246094	1356318730.013519
7.9595730304718018	1356318729.9856451
8.6259469985961914	1356318729.980752
9.28814697265625	1356318729.933193
9.3331401348114014	1356318730.1664579
11.135844945907593	1356318730.240329
11.723573923110962	1356318729.9356091
11.525820016860962	1356318730.1640351
13.11760401725769	1356318729.961942
13.721703052520752	1356318729.9595089
13.818164110183716	1356318730.22735
15.040539979934692	1356318730.229882
21.484814882278442	1356318730.122056
22.74059796333313	1356318730.1484489
1.3605639934539795	1356318752.9208961
1.4367549419403076	1356318752.936789
1.4450068473815918	1356318752.9440751
1.4426891803741455	1356318752.9625349
1.4894921779632568	1356318752.9520719
1.6601850986480713	1356318752.9103069
1.6702048778533936	1356318752.928786
1.5953049659729004	1356318753.0171471
1.6815469264984131	1356318752.9496601
1.7326481342315674	1356318752.9176409
1.725909948348999	1356318752.9730401
1.7778830528259277	1356318752.9392099
1.7037999629974365	1356318753.037082
1.8001799583435059	1356318752.9545
1.6954770088195801	1356318753.0877371
1.7236640453338623	1356318753.0773079
1.9044289588928223	1356318752.9263611
1.9067730903625488	1356318752.957696
1.8053979873657227	1356318753.094209
1.8631179332733154	1356318753.0573981
1.9265310764312744	1356318753.01367
1.9583280086517334	1356318752.99862
2.0714221000671387	1356318752.9054739
2.0573949813842773	1356318752.941642
2.7639539241790771	1356318753.0707321
2.9731190204620361	1356318752.915215
2.843127965927124	1356318753.060771
2.8493900299072266	1356318753.0841639
3.2533969879150391	1356318753.020447
3.3053548336029053	1356318752.9865561
3.3200969696044922	1356318752.9889851
3.2603559494018555	1356318753.107867
3.7664339542388916	1356318753.1471031
3.8758089542388916	1356318753.101053
3.8733468055725098	1356318753.1181271
4.0287010669708252	1356318752.978646
4.0199720859527588	1356318753.003839
4.0582489967346191	1356318752.981086
3.9042530059814453	1356318753.153749
4.1732289791107178	1356318752.902777
4.1948449611663818	1356318753.0506129
4.255828857421875	1356318753.0305121
4.2032051086425781	1356318753.0976739
4.3850691318511963	1356318752.9312119
4.3086650371551514	1356318753.023803
4.310370922088623	1356318753.0402901
4.3061268329620361	1356318753.0639851
4.4638350009918213	1356318752.923322
4.4194619655609131	1356318752.9835169
4.4489970207214355	1356318752.970614
4.4382898807525635	1356318753.0010481
4.3504090309143066	1356318753.104429
4.4231278896331787	1356318753.0471611
4.6145198345184326	1356318753.0438991
4.6423640251159668	1356318753.0338631
4.5445668697357178	1356318753.141726
4.7645068168640137	1356318752.9472411
5.470890998840332	1356318753.0072141
6.0026180744171143	1356318752.9681699
6.1216399669647217	1356318752.9600999
6.6926889419555664	1356318752.996182
6.9393770694732666	1356318753.0740299
7.1515250205993652	1356318753.20187
7.179577112197876	1356318753.1915319
7.3550188541412354	1356318753.2117081
7.4166908264160156	1356318753.1640921
7.3909440040588379	1356318753.205231
7.4255681037902832	1356318753.1846039
7.4144370555877686	1356318753.2087409
7.510699987411499	1356318753.128191
7.5160210132598877	1356318753.135133
7.6899280548095703	1356318752.976022
7.5143120288848877	1356318753.1708989
7.7656979560852051	1356318752.9339111
7.6007320880889893	1356318753.114753
7.5680439472198486	1356318753.1676371
7.5989408493041992	1356318753.1505401
7.6807329654693604	1356318753.1778841
7.8802680969238281	1356318752.993171
7.8321149349212646	1356318753.06721
9.0422229766845703	1356318752.9078779
9.6734070777893066	1356318753.1315639
10.80436897277832	1356318753.124893
11.640145063400269	1356318753.080826
11.653709888458252	1356318753.0909531
12.045125007629395	1356318753.198416
13.015830993652344	1356318753.188231
13.022930145263672	1356318753.1950419
13.348602771759033	1356318753.0270841
14.337368011474609	1356318753.138495
15.518367052078247	1356318753.1742439
16.537349224090576	1356318753.0104549
17.528591156005859	1356318753.0539539
17.633256912231445	1356318752.9649391
17.507943153381348	1356318753.1115229
19.217185974121094	1356318753.1215661
21.101222038269043	1356318753.1607699
21.120480060577393	1356318753.1573429
21.960421085357666	1356318752.9127209
72.437954902648926	1356318753.181283
1.3522610664367676	1356318825.636168
1.593390941619873	1356318825.6471691
1.5083649158477783	1356318825.7621031
1.6470468044281006	1356318825.6436901
1.6149988174438477	1356318825.6906681
1.7005770206451416	1356318825.6806531
1.7240707874298096	1356318825.6774001
1.7184569835662842	1356318825.72177
1.784675121307373	1356318825.6673219
1.8073489665985107	1356318825.657526
1.7745280265808105	1356318825.7083759
1.8714601993560791	1356318825.6387999
1.7517609596252441	1356318825.785738
1.9782419204711914	1356318825.6640501
1.8099110126495361	1356318825.8475649
1.9818589687347412	1356318825.7150359
2.0616278648376465	1356318825.7754841
2.2662949562072754	1356318825.6335621
3.5311739444732666	1356318825.725204
3.4748439788818359	1356318825.7974401
3.4737160205841064	1356318825.8155739
3.6357889175415039	1356318825.6708651
3.4687418937683105	1356318825.8527391
3.6005299091339111	1356318825.738512
3.6019768714904785	1356318825.7554181
3.5719141960144043	1356318825.7998719
3.5861680507659912	1356318825.8025479
3.6918160915374756	1356318825.711643
3.6676950454711914	1356318825.748616
3.658311128616333	1356318825.772177
3.6866509914398193	1356318825.758863
3.8618180751800537	1356318825.660779
3.8404529094696045	1356318825.697289
3.822674036026001	1356318825.7319291
3.868718147277832	1356318825.7018869
3.9168469905853271	1356318825.674125
3.8053140640258789	1356318825.813139
3.8237948417663574	1356318825.8100951
3.8736650943756104	1356318825.782239
3.7889618873596191	1356318825.882133
3.8924629688262939	1356318825.7947781
3.8205969333648682	1356318825.876442
3.8302109241485596	1356318825.8845811
3.9617061614990234	1356318825.8551819
3.9748752117156982	1356318825.8577099
4.0079998970031738	1356318825.842659
3.9997491836547852	1356318825.8658199
4.2491199970245361	1356318825.6412339
4.0276119709014893	1356318825.8790309
4.0024027824401855	1356318825.9223411
4.0763571262359619	1356318825.8633969
4.0254130363464355	1356318825.92735
4.1096830368041992	1356318825.860172
4.0807559490203857	1356318825.9034901
4.1058268547058105	1356318825.8953791
4.1788032054901123	1356318825.8394289
4.3690898418426514	1356318825.8262651
4.7972919940948486	1356318825.9059191
4.8301520347595215	1356318825.889605
4.9181151390075684	1356318825.818013
4.9832508563995361	1356318825.7687211
4.8628029823303223	1356318825.9083741
4.9637501239776611	1356318825.8238139
4.9812421798706055	1356318825.8213639
4.9059479236602783	1356318825.911639
5.0292220115661621	1356318825.807445
5.2029638290405273	1356318825.6509111
5.4582071304321289	1356318825.693985
6.0731329917907715	1356318825.7051229
6.4280779361724854	1356318825.718524
6.9296481609344482	1356318825.8927629
6.9914932250976562	1356318825.8451109
6.9534561634063721	1356318825.9008529
7.1368629932403564	1356318825.7352641
7.0430259704589844	1356318825.8682761
7.9133288860321045	1356318825.8345311
8.214479923248291	1356318825.8050001
8.1209900379180908	1356318825.914166
8.2678987979888916	1356318825.7788701
8.1609289646148682	1356318825.8978131
8.8995580673217773	1356318825.788996
8.8160440921783447	1356318825.8871679
8.9739019870758057	1356318825.7452941
9.1802799701690674	1356318825.654254
9.0178658962249756	1356318825.832026
9.0275890827178955	1356318825.8369689
8.9512391090393066	1356318825.9297969
9.1032218933105469	1356318825.792325
9.0392699241638184	1356318825.871465
9.2093360424041748	1356318825.7284589
9.2650301456451416	1356318825.9166059
10.487550973892212	1356318825.9191949
10.489707946777344	1356318825.9247661
18.969223976135254	1356318825.683897
21.348390102386475	1356318825.6874039
31.253872871398926	1356318825.7654281
35.915282964706421	1356318825.873986
82.532633066177368	1356318825.828691
120.13980197906494	1356318825.752007
294.50371503829956	1356318825.7418239
1.4079110622406006	1356319120.3062019
1.5277228355407715	1356319120.2703021
1.518535852432251	1356319120.2953391
1.9662699699401855	1356319120.292912
2.0647678375244141	1356319120.3138371
2.0755240917205811	1356319120.3266749
2.0385360717773438	1356319120.382396
2.1694400310516357	1356319120.26789
2.171450138092041	1356319120.280093
2.0700728893280029	1356319120.396327
2.1006309986114502	1356319120.3851199
2.1251161098480225	1356319120.3767209
2.0661139488220215	1356319120.4515021
2.1663830280303955	1356319120.3629179
2.1643521785736084	1356319120.3796649
2.2228958606719971	1356319120.4323931
2.2463068962097168	1356319120.429666
2.413006067276001	1356319120.287962
2.2964720726013184	1356319120.421272
2.3978350162506104	1356319120.332387
2.6051819324493408	1356319120.2727971
2.6577038764953613	1356319120.4431391
2.661229133605957	1356319120.448777
2.7963898181915283	1356319120.3516531
2.7769980430603027	1356319120.426928
2.7115321159362793	1356319120.5179729
2.9466428756713867	1356319120.290395
2.7302649021148682	1356319120.526289
2.9606449604034424	1356319120.3113041
2.7912740707397461	1356319120.495868
2.8208460807800293	1356319120.4848449
2.8332481384277344	1356319120.5096669
2.8657989501953125	1356319120.4930069
2.9064309597015381	1356319120.4682131
3.0801959037780762	1356319120.4625771
3.1043450832366943	1356319120.454222
3.186737060546875	1356319120.387857
3.1134011745452881	1356319120.4765339
3.1697559356689453	1356319120.437685
3.3870830535888672	1356319120.41311
3.6598310470581055	1356319120.3656321
3.6306500434875488	1356319120.410156
3.6881618499755859	1356319120.3685441
3.8716211318969727	1356319120.3601789
3.8965198993682861	1356319120.401989
3.9890079498291016	1356319120.3294101
4.0588638782501221	1356319120.277667
4.0730898380279541	1356319120.2831321
4.0171639919281006	1356319120.354528
3.9451107978820801	1356319120.4458561
3.9041011333465576	1356319120.5042169
4.1048181056976318	1356319120.318681
3.9241170883178711	1356319120.520849
3.9349720478057861	1356319120.5235789
4.0028228759765625	1356319120.473654
4.1028439998626709	1356319120.3908761
4.0867719650268555	1356319120.4242041
4.0291359424591064	1356319120.5013621
4.214310884475708	1356319120.3351071
5.1965539455413818	1356319120.2653601
5.6340110301971436	1356319120.343488
5.7351069450378418	1356319120.2752481
5.9779078960418701	1356319120.440418
6.3959920406341553	1356319120.415818
6.9290740489959717	1356319120.479259
6.9694581031799316	1356319120.470927
6.9509379863739014	1356319120.5069461
7.2542788982391357	1356319120.459862
7.2346248626708984	1356319120.490288
7.2288119792938232	1356319120.5125179
7.407559871673584	1356319120.3489411
7.431488037109375	1356319120.3405759
7.4723389148712158	1356319120.316257
7.4790339469909668	1356319120.323961
7.424731969833374	1356319120.3935909
7.4661719799041748	1356319120.374012
7.5458910465240479	1356319120.3086131
7.3373379707336426	1356319120.5318899
7.6097700595855713	1356319120.487555
8.1501500606536865	1356319120.4819911
8.7901520729064941	1356319120.337857
8.6840147972106934	1356319120.5291531
8.7316000461578369	1356319120.4985859
8.9195101261138916	1356319120.3462219
9.6515789031982422	1356319120.2988601
11.150835037231445	1356319120.404722
11.793475866317749	1356319120.4653161
12.14157509803772	1356319120.5152619
13.031572103500366	1356319120.4185319
12.932025909423828	1356319120.5374711
14.068817138671875	1356319120.4074409
14.863692998886108	1356319120.3990519
16.360046148300171	1356319120.371285
17.318028926849365	1356319120.3213351
19.452888965606689	1356319120.303767
21.223724842071533	1356319120.3012681
27.800019979476929	1356319120.2855401
29.300601005554199	1356319120.4569509
30.081358909606934	1356319120.534601
78.329760074615479	1356319120.357456
3.3850078582763672	1356319198.8216391
3.7546401023864746	1356319198.7014949
3.8005318641662598	1356319198.7296691
3.8203930854797363	1356319198.740926
3.8921539783477783	1356319198.7070971
3.8623349666595459	1356319198.74933
3.9131319522857666	1356319198.735424
4.0424060821533203	1356319198.7324059
4.0892219543457031	1356319198.709842
4.2070131301879883	1356319198.7125709
4.213123083114624	1356319198.724196
4.1795649528503418	1356319198.779814
4.3051187992095947	1356319198.7214241
4.2655019760131836	1356319198.7716091
4.2889790534973145	1356319198.79094
4.3695850372314453	1356319198.757525
4.4124970436096191	1356319198.7269249
4.4600369930267334	1356319198.8159759
4.6186671257019043	1356319198.799372
4.7417840957641602	1356319198.7659459
4.8374338150024414	1356319198.7186811
4.8088908195495605	1356319198.9042771
4.8986139297485352	1356319198.827107
4.9987030029296875	1356319198.7465861
5.3958899974822998	1356319198.9348581
5.3692779541015625	1356319198.9753389
5.6507720947265625	1356319198.715302
5.4920470714569092	1356319198.89311
5.6093461513519287	1356319198.7882149
5.7090950012207031	1356319198.7043631
5.5287418365478516	1356319198.8988211
5.5516760349273682	1356319198.890358
5.6030158996582031	1356319198.8542891
5.5962531566619873	1356319198.8792629
5.6214179992675781	1356319198.8708739
5.6368238925933838	1356319198.8736081
5.6742990016937256	1356319198.851279
6.0240790843963623	1356319198.862483
6.0727169513702393	1356319198.830034
6.0620100498199463	1356319198.859762
6.1060740947723389	1356319198.832768
6.1293089389801025	1356319198.8243661
6.1580131053924561	1356319198.813246
6.1773638725280762	1356319198.805052
6.1916840076446533	1356319198.8077769
6.2344980239868164	1356319198.7827699
6.2352230548858643	1356319198.796622
6.2356019020080566	1356319198.810513
6.3266110420227051	1356319198.760469
6.3219869136810303	1356319198.777087
6.144956111907959	1356319198.9698789
6.2137160301208496	1356319198.9292779
6.1907439231872559	1356319198.9670081
6.2043509483337402	1356319198.964257
6.2219831943511963	1356319198.9615309
6.2659118175506592	1356319198.9321351
6.2951819896697998	1356319198.918226
6.3159480094909668	1356319198.9459679
6.3616659641265869	1356319198.9154971
6.5178501605987549	1356319198.7743549
6.6968379020690918	1356319198.743654
6.7172470092773438	1356319198.901562
6.7385430335998535	1356319198.8959999
6.8080620765686035	1356319198.843086
6.7789950370788574	1356319198.88765
6.726560115814209	1356319198.9542699
6.7835690975189209	1356319198.9126239
7.0591750144958496	1356319198.838254
7.0664730072021484	1356319198.8485651
7.180063009262085	1356319198.7547801
7.1538560390472412	1356319198.8189139
7.1460011005401611	1356319198.8458209
7.1322691440582275	1356319198.8765509
7.1865489482879639	1356319198.980933
7.3777079582214355	1356319198.881983
7.5044548511505127	1356319198.8570311
7.6039540767669678	1356319198.943228
7.8537859916687012	1356319198.9726031
8.3096640110015869	1356319198.7686751
8.1670060157775879	1356319198.926544
8.7969188690185547	1356319198.9071791
9.2088000774383545	1356319198.9405029
9.5196130275726318	1356319198.957016
9.8413419723510742	1356319198.951555
9.8295061588287354	1356319198.9782209
9.9549109935760498	1356319198.8681591
10.519634008407593	1356319198.9209681
10.552507162094116	1356319198.9238219
10.655497074127197	1356319198.835485
10.60784912109375	1356319198.9098949
11.505105018615723	1356319198.793891
13.563807010650635	1356319198.7854891
14.303982973098755	1356319198.752053
15.197441101074219	1356319198.884728
16.330366849899292	1356319198.9376221
16.558137893676758	1356319198.738199
18.288175106048584	1356319198.7632029
19.324413061141968	1356319198.802125
30.002604007720947	1356319198.865428
